Affordable Retro small square bag shoulder Messenger bag,Women Bags
Men Hooded Jacket Long Cardigan Blend Punk Coat kakalucky,Men Clothes
Scrub Triangular Zipper Small Shoulder Bags,Women Bags
Men Elastic Drawstring Waist Camouflage Beach Swim Trunk Watershorts,Men Clothes
hot Mens Dress Shirt Slim Business Uniform long sleeve shirt,Men Clothes
YS Messenger Shoulder Bag Handbag Satchel Chain,Women Bags
erotic lingerie costumes temptation lenceria transparent underwear,Men Clothes
Vintage Leather Backpack Casual Messenger Handbag Female Travel School Bag,Women Bags
Top Fashion Men Chinese Style Casual Long Sleeve Tee sfghouse,Men Clothes
Women PU leather Shoulder Bag Mini Cute,Women Bags
Modal underwear Solid color Homme Seamless Letter printed,Men Clothes
New Men Ankle Length Pants Cropped Tapered Leg Jeans sfghouse,Men Clothes
Girl pink love shoulder Messenger bag wild handbags,Women Bags
Trainer Men Bodybuilding Shorts Slimming Compression Body Shaper Underwear Tight,Men Clothes
rings AC section angle men underwear low waist Famous Brand,Men Clothes
Men Winter Sweater Slim Hoodie Coat Jacket Outwear sfghouse,Men Clothes
Fashion Korean Lovely Rabbit Short Purse,Women Bags
Travel Outdoors Foldable Clothing Bag Storage Bag,Women Bags
Sweater sweater sweter pria di Korea,Men Clothes
Evening Dress Floral Embroidery Women Long Prom long sleeve,Men Clothes
Fashion Flamingo Pattern Canvas Unisex backpack,Women Bags
Tote Messenger Cross Body Shoulder Chain Bag Handbag yyjack,Women Bags
gzhouse Fashion Sweater Men long sleeve Knitted Cardigan,Men Clothes
Women Brief Zipper Small Purse Wallet,Women Bags
Mens Hooded Outwear Sweater Winter Warm Coat Long Sleeve Jacket,Men Clothes
New Stylish Short Wadded Down Jacket Outerwear Warm Zippered,Men Clothes
In the long long sleeved Cardigan Sweater Knit Cardigan Size,Men Clothes
New Fashion Autumn and Winter Girl Knit Sleeveless Vest Casu,Men Clothes
Travel Outdoors Climbing bag Backpack,Women Bags
New Fashion Men A Printing Casual Slim Jeans Jacket,Men Clothes
British Paul Short Sleeved Polo Shirt Small Lapel Shirt,Men Clothes
Mens Mid Rise Pouch Trunks Men Underwear Brief Underpants,Men Clothes
Women Lady Backpack Travel Leather Handbag Black,Women Bags
Women Strapless Lace Floral Long Dress Mermaid,Men Clothes
Stitching Metal Paten Leather Crossbody Bag,Women Bags
lady Leather Crossbody Shoulder Bag Purple,Women Bags
Travel Document Folder Multi Function Bag Pouch,Women Bags
Spot casual fashion candy color Slim long sleeve shirt shirt,Men Clothes
MIMCO Lovely Medium Pouch  Travel Wallet Mimco Wallet,Women Bags
Celana Pinggang Pinggang Lurus Pinggang Pinggang Pria Jeans,Men Clothes
Women Canvas Backpack,Women Bags
On Sale Korean backpack nylon shoulder  shoulder bag,Women Bags
Women Swimsuit One Piece Beachwear Swimwear,Men Clothes
INF  Koreanstyle readystock Jaket kulit ketat pria,Men Clothes
Mens underwear Cotton Boxers Cartoon Print Panties,Men Clothes
PU Leather Zipped Cute Printing Ladies Girls Shoulder Bags Gifts,Women Bags
YS Beach Tote Shoulder Shopping Bag Handbag New,Women Bags
Fashion Jelly Square Chain Shouler Bag,Women Bags
Lady Wallet Button Clutch Card Coffee,Women Bags
Sweater sweater sweter pria di Korea,Men Clothes
Spot casual holes thin section of denim clothing,Men Clothes
Cartoon Synthetic Leather Pencil School Stationery Storage Case Organizer Bag,Women Bags
Super Mario Bros Luigi Mario Adult Cosplay Costume,Men Clothes
Ready Stock Butterfly Women Crotch Thongs Briefs,Men Clothes
Skirt skirt waist skirt,Men Clothes
Multicolor Travel Bra Receive Bag Underwear Package Covered Bags,Women Bags
Women Fashion Zipper Long Sleeve Velvet Baseball Jacket Loos,Men Clothes
mens hoodies patchwork men clothing sportswear,Men Clothes
Mini Women Shoulder Bag Imitation Leather Messenger Packet Satchel Handbags,Women Bags
Oversized Loose Long Sleeve Shirt Blouse Baggy irregular Tops,Men Clothes
Korean Corduroy Functional Backpack,Women Bags
Fashion Korean Flamingo Pattern Waterproof Women Backpack,Women Bags
NY Women backpack Super AAA,Women Bags
Large Travel Denim Satchel Tote Shoulder Zipper Bag Bilibap,Women Bags
Scrub Triangular Zipper Small Shoulder Bags,Women Bags
Fashion personality embroidery canvas shoulder bag,Women Bags
Fashion Shoulder Bag Rucksack Backpack Travel bag,Women Bags
FG Celana Dalam Pria Model Rise Mid Boxer Warna Polos,Men Clothes
Men  Denim Jeans Skinny  Pants Distressed Rip Trourser,Men Clothes
Men Underwear Sexy Penis Pouch Boxers Cotton Breathable,Men Clothes
Portable Insulated Thermal Cooler Lunch Box,Women Bags
Women Unicorn Pattern Crop Top Hoodie Fashion Tops Cartoon O,Men Clothes
Women Carpri Leggings High Waist Printing Yoga,Men Clothes
High Quality Fashion Concise Waterproof Nylon Small Backpack,Women Bags
Long Sleeve Christmas Shirt Cartoons Floral Shirt,Men Clothes
Travel Outdoors Small Size Kartoon Clothing Underwear Storage Bag,Women Bags
Fashion Cartoon Plush Doraemon Kids Backpack,Women Bags
Boho Style Color Block Design Chain Shoulder Bag,Women Bags
Travel Outdoors Portable Shoulder bag Storage Bag,Women Bags
Women Long Card Holder Purse Pink,Women Bags
Tas Wanita Skim Retro Paket fashion Korea,Women Bags
Denim Shirt Men Dress Shirts Casual Cotton  Shirt,Men Clothes
Fashion Flamingo Pattern Embroidery Large Capacity backpack,Women Bags
FG Underwear Pria Underwear Rise Mid Boxer Pouch Trunks,Men Clothes
Travel Outdoors Foldable Luggage Clothing Storage Bag,Women Bags
Lady Retro Korean handbag shoulder bag,Women Bags
gzhouse Men Fashion Knit Sweater Pullover High Neck knitwear,Men Clothes
Jacket Men Fashion Hooded Floral Print Winter Coat,Men Clothes
Women Long Card Holder Purse Orange,Women Bags
Single Shoulder Tote Bucket Bag,Women Bags
New Cat Backpack Women School Bags Backpack Girl,Women Bags
Women Lace Underwear Low Rise Briefs Knickers,Men Clothes
Women PU leather Shoulder Bag Mini Vintage Sling Bag,Women Bags
Summer Hot Men Beach Shorts Quick Dry Printing Board Shorts,Men Clothes
NEW Men Fashion Long Sleeve Jacket Hoodies Fleece Sweater kklucy,Men Clothes
Canvas Patch Pattern Striped Shoulder Bag,Women Bags
INSULAR Mummy Bag Baby Diaper Nappy Changing Bag Convenient,Men Clothes
New Laptop Imitation Wool Felt Envelope Notebook Laptop Bag,Women Bags
Pria Chino Jogger Pants Casual Drop Crotch Jogging Twill,Men Clothes
Combat Trousers Military Pants Men SWAT Army,Men Clothes
Women Casual Canvas Shoulder Bag School Backpack,Women Bags
The new Korean Ladies backpack Crossbody bucket tassel,Women Bags
Cartoon Cat Canvas Shoping Bag,Women Bags
FM  Koreanstyle readystock Jaket kulit ketat pria,Men Clothes
Medium length denim blouse with loose,Men Clothes
Fashion Flamingo Pattern Embroidery Large Capacity backpack,Women Bags
Camouflage Print Men Underwear Sexy Briefs Shorts Adult,Men Clothes
Mermaid sequins sports bag,Women Bags
Casual Men Plus Size Splicing Color Long Sleeves Pullover Hoodie,Men Clothes
Women Crocodile Pattern Handbag Wallet Coin Bag Female Purse,Men Clothes
Travel Outdoors Waterproof Clothing Storage Bag,Women Bags
Really stock Fashion Fashion Korean Fashion Canvas Backpack,Women Bags
Mens Hooded Sweatshirt Coat Jacket Sportwear Hoodies Bilibap,Men Clothes
Simple color canvas shoulder bag,Women Bags
Kostum Halloween Zombie,Men Clothes
Men Underwear Boxer Shorts Trunks Home Sleepwear Underpants,Men Clothes
CLASSIC LARGE ANELLO BACKPACK,Women Bags
Creative CBRtoon Sqirrel Canvas Handbag,Women Bags
Fashion Loose Hooded Tops Hedging Pullover Sweaters Women Casual Sweatshirts,Men Clothes
Veins Socks Compression Socks Fasciitis Arch Pain,Men Clothes
Eshion Athletic Sweatshirt Sweats and Pants Set Tracksuit,Men Clothes
fashion mode Jaket Lengan Kiri Pria Slim Collar Jacket Tops,Men Clothes
Lace Elastic Socks Mobile Phone Bag for Ladies,Women Bags
Mens Casual Chinos Slim Fit Lurus celana,Men Clothes
shortPantsOverallShortsTooling washed cotton solid influx,Men Clothes
Leegoal Korean Backpack Fashion Casual Leather Bag,Women Bags
Men Waist Drawstring Letter Print Beach Board Shorts,Men Clothes
Stylish Printed Hoodie Casual Sweater Printed Casual Long Sleeve Outerwear,Men Clothes
Wild flower cross section square handbag,Women Bags
Casual Shirts Denim Shirts Mens Long Sleeve Slim Fit,Men Clothes
Men Cardigan Fitness Long Sleeve Coat Sweaters Hot dadatop,Men Clothes
Lethe Tas Tas Dompet Koin Dompet Pendek,Women Bags
Womens Girls Rucksack Travel Canvas Shoulder Bookbags School Backpack,Women Bags
European Size Men Solid Color Set Head Slim Sweater,Men Clothes
Fashion Korean Cartoon Women Fold Long Wallet,Women Bags
Women Fashion Zipper Long Sleeve Velvet Baseball Jacket Loos,Men Clothes
Men Fight Color Casual Sweater Cardigan,Men Clothes
Women Portable Multifunction Folded Short Wallet Multi Cards Clutch Holder,Women Bags
Female tide Korean version shoulder bag wide shoulder bag,Women Bags
Men Long Sleeve Solid Zip Up Bomber Jacket,Men Clothes
LIGAO Men Long Sleeve Denim Jacket Streetwear Coats,Men Clothes
Jaket Mens Classic Retro Style Bomber Coat,Men Clothes
Sexy Durable Underwear Shorts Underpants Nightwear Pouch,Men Clothes
LIGAO Cool Men Jeans Fashion Leisure Elastic Pants Trousers,Men Clothes
Female Vintage Stylish Dotted Women Backpack for School,Women Bags
Baellerry new business handbag with Long Wallet,Women Bags
Women PU leather Shoulder Bag Mini,Women Bags
Lethe Clamshell hasp long multi Card Wallet Bag,Women Bags
Sexy New Underwear Shorts Underpants Nightwear Pouch Undershorts,Men Clothes
The new fashion trend of western style girls handbag,Women Bags
Fashion Brand Casual Bomber BaseballBomber Baseball Jacket,Men Clothes
Women PU leather Ladies Purse Vintage Wallet,Women Bags
Travel Outdoors Classification Storage Bag,Women Bags
Knitted Sweaters for Women Slim Fit Long Sleeve Fashion Tops,Men Clothes
Celana Panjang Pria Korean version of the foot pants,Men Clothes
Men  Boxer Shorts Cotton Breathable U Convex Design,Men Clothes
Leather Handbags Women Lady Leather Card Holder Long Wallet,Women Bags
Retro Exquisite Skull Pirate Personality Ring Watch Elastic,Men Clothes
Women Feast Multi Function Mermaid Waist Storage Bag,Women Bags
Tote Messenger Cross Body Shoulder Chain Bag Handbag dadatop,Women Bags
Fashion Fashion Cartoon Bookbag Plush Super Hero  Kids Backpack,Women Bags
Women PU leather Shoulder Bag Mini Sling Bag,Women Bags
Laptop Carrying Computer Shoulder Bag Tote Handbags kakalucky,Women Bags
kkulcy New Custom Made Men Suit Groom Business Formal Suits,Men Clothes
Women Canvas Shoulder Bag Cute,Women Bags
Water Resistant Elastic Rock Climbing Quick Dry Trousers,Men Clothes
Tas Pundak Kulit Dengan Gaya Cosplay Sailor Moon Warna Hitam,Women Bags
FM Kostum Pria Vampir Halloween Cosplay Costume,Men Clothes
PU Leather Bowknot Clutch Wallet Long Card Holder Purse,Women Bags
Men Knitted Pullover Jumper Turtleneck Collar Sweater sfghouse,Men Clothes
Sports Pants Flag of Italy Printing Casual Running Trousers,Men Clothes
Men Fashion Retro Slim Denim Jacket Jeans Coat Blue,Men Clothes
Leopard Lady Long Scarf Fashionable New Style Temperament Re,Men Clothes
Fashion Leather Collar Jacket Coat Youth Plus Size,Men Clothes
Travel Outdoors Portable Waterproof Electronics Storage Bag,Women Bags
Car Camera Video Recorder Rearview Mirror Car Camera Vehicle,Men Clothes
Men  Denim Jeans Skinny  Pants Distressed Rip Trourser,Men Clothes
Large multi card wallet,Women Bags
Fashion Royal patent leather handbag,Women Bags
Mens Luxury Stylish Long Sleeve Slim Shirts sfghouse,Men Clothes
Leisure single shoulder small side package,Women Bags
DF Baju Pria Hooded Warmed Coat Winter Trench Jacket Capes,Men Clothes
LIGAO Cool Men Jeans Fashion Leisure Elastic Pants Trousers,Men Clothes
Slim Mention Hip Breathable Gradient Color Star Leggings,Men Clothes
High Quality Fashion Korean Kindergarten Kids Bookbag,Women Bags
Halloween Bat pria Adlut Men Costume,Men Clothes
Women  Long Sleeve Off Shoulder Blouse Sexy Top,Men Clothes
Mens Jackets Cotton Casual Fit Mens Jackets Cotton Outwear Coats,Men Clothes
Beauty Mens Sexy Bulge Briefs Shorts Underwear Trunks,Men Clothes
kkulcy Travel Girl Canvas New Tote Shoulder Backpack,Women Bags
Men Active Trunks Workout Man Jogger Boxers Sports Shorts,Men Clothes
Travel Outdoors Luggage Clothing Storage Bag,Women Bags
Metallic Color Rainbow Backpack,Women Bags
gzhouse Womens Geometry Satchel Tote Shoulder Purse Bag Handbag,Women Bags
Mens Fashion Print Long Sleeve Shirts,Men Clothes
Vintage Lady PU leather shoulder bag,Women Bags
Women PU leather Shoulder Bag Mini Vintage Sling Bag,Women Bags
FG Card Case Card Pemegang Dompet Wanita Tas Double Besar,Women Bags
Men Knit Sweater Pullover Knitwear Jumper Coarse Wool dadatop,Men Clothes
CLASSIC LARGE ANELLO BACKPACK,Women Bags
Fashion Women Nylon Soft Casual Travel Backpack,Women Bags
Mens Underwear Boxers Shorts Modal Underpants Home Sleepwear,Men Clothes
Kostum Monyet Brown Pria Jumpsuit,Men Clothes
Women Leather Messenger Crossbody Tote Simple Black,Women Bags
Bag Portable Organizer Case For Bose Soundlink MINI Speaker,Women Bags
Big size loose bear embroidery  corduroy nine point sleeve,Men Clothes
Women Unicorn Pattern Crop Top Hoodie Fashion Tops Cartoon O,Men Clothes
Women Lady Backpack Travel Leather Handbag Black,Women Bags
Women Straw Backpack Drawstring Straw Bag School Backpacks,Women Bags
Women Shoulder Bag Mini Sling Bag,Women Bags
lady Leather Crossbody Shoulder Bag Yellow,Women Bags
Mens Jackets Cotton Casual Fit Mens Jackets Cotton Outwear Coats,Men Clothes
Korean Fashion Leisure Canvas Bag Small Fresh Backpack Schoolbag,Women Bags
Men Korean casual embroidery denim jeans,Men Clothes
Girl Hit Color Satchel Shoulder School Bag Backpack dadatop,Women Bags
Fashion Women Hollow Leaf PU  Long Wallet,Women Bags
Sweet splice bag PU drawstring bucket shoulder bag,Women Bags
Ransel nilon bersulam,Women Bags
Women Bowknot Dumpling Shoulder Bag Handbag Messenger Bag Fashion Satchel,Women Bags
Mens Plain Sweater Jumper Sweater Pullover,Men Clothes
Deer Pendant PU Leather Lady Crossbody Shoulder Bag,Women Bags
Handbag Shoulder Bag Messenger Hobo Tote Purse Satchel Bags,Women Bags
Funny Face Printing Canvas Bucket Bag,Women Bags
Dompet Wanita Korea Heel Style Pola kucing lucu,Women Bags
Spot casual holes thin section of denim clothing,Men Clothes
Baellerry new business handbag with Long Wallet,Women Bags
Trainer Men Bodybuilding Shorts Slimming Compression Body Shaper Underwear Tight,Men Clothes
New Angel Wing Cotton Gauze Scarf Breathable Baby Bath Towel,Men Clothes
Printed Lock Flap Cross Bag with Chain,Women Bags
Lethe Long print ladies purse,Women Bags
Kostum Cosplay Tawanan Lengan Pria Cosplay,Men Clothes
Travel bag package bag wash bag cosmetic bag mesh,Women Bags
Women Nylon Backpack Cute Cartoon Printing Bags Schoolbags Teenager Girls,Women Bags
New Waterproof Canvas Backpack School Rucksack for Teengers,Men Clothes
Cosplay Clothes Halloween Cloak Children Kids White Ghost Ca,Men Clothes
Retro Exquisite Skull Pirate Personality Ring Watch Elastic,Men Clothes
Women  Pendant Scarf With Tassel Rhinestone Jewelry Scarves,Men Clothes
CBRtoon Lipstick Printing Comestic Bag,Women Bags
Cockcon Men Underwear Sexy Lace Briefs sexy underpants,Men Clothes
Leather Jacket Winter Men Coat with Waistband Warm,Men Clothes
Fashion Solid Color Clutch Bag Long Purse for Women,Women Bags
New Fashion Mens Casual Neck Knit Sweater Pullover Tops sfghouse,Men Clothes
Shopper Bag Shoulder Tote Canvas Handbag Printing Shopping,Women Bags
Fashion Fashion Star Style Oxford Cloth Backpack,Women Bags
Beach Quick Drying Drawstring Waist Boardshorts Short Pants,Men Clothes
Fashion Korean Cartoon Women Fold Long Wallet,Women Bags
ID credit Card  Wallets Smoke Cassette wallet Men Wallets,Women Bags
Fashion Elegant Women Watertight  Nylon Backpack,Women Bags
ready stock Women Holographic Gammaray Backpack,Women Bags
Fashion tassel bag handbag shoulder bag female Ready Stock,Women Bags
Baju Pria Slim Fit Casual Suit Jacket Business Blazers,Men Clothes
High Quality Fashion Mickey Bowknot Small Bag Children Backpack,Women Bags
Business Card Box Stainless Steel Business Card Folder Alumi,Men Clothes
Women Cat Printing Canvas Backpacks School Bag Ladies Rucksack Bookbags,Women Bags
Scarf Ring Silk Scarf Buckle Clip Brooch Pin,Men Clothes
Wedding Engagement Jewelry Fashion Square Artificial Topaz Women Finger Ring,Women Bags
WoLong Leather Purse Clutch Wallet Small Bag Card Holder,Women Bags
Hitz male Korean Fashion Sweater sleeve Hooded Sweatshirt,Men Clothes
Cute Unicorn Shape Cartoon Shoulder Bag,Women Bags
zztim Men Long Sleeve Cowboy Printed Zipped Jacket Slim Coat,Men Clothes
Men Underwear Shorts Adult Camouflage Print Sexy Briefs,Men Clothes
Mens Workout Fitness Compression Leggings Pants Bodybuilding Tights Trousers,Men Clothes
Flag Memory Cotton Massage Headrest Cartoon Neck Pillow Car,Men Clothes
Sexy Men Seamless Low Waist Briefs Short Pants Thongs Underwear,Men Clothes
Men Boxer Briefs Swimming Swim Shorts Trunks Swimwear Pants Underwear,Men Clothes
Fashion Sweater Men long sleeve Knitted Cardigan kklucy,Men Clothes
Creative Cartoon Paris Tower Little Wallet,Women Bags
Leisure single shoulder small side package,Women Bags
Trousers printed Spring Men Sports Pants New York,Men Clothes
Men Underpants Sexy Lace Boxer Transparent Underwear,Men Clothes
Men Jacket Camouflage bomber Loose windbreaker coat,Men Clothes
Travel Outdoors Quilt Dustproof Storage Bag,Women Bags
Koreanstyle readystock Beberapa pria sweater bulat leher,Men Clothes
Trim Comfy Sexy Boxer Briefs Men Trim Underwear,Men Clothes
Casual Womens Satchel Shoulder School Student Backpack sfghouse,Women Bags
Korean new fashion round bag leisure PU shoulder bag,Women Bags
Backpack Travel Leather Girls Shoulder Rucksack,Women Bags
Lethe Clamshell hasp long multi Card Wallet Bag,Women Bags
Travel Outdoors Quilt Dustproof Storage Bag,Women Bags
Retro Bracelet Simple Shoulder Bag Handbag,Women Bags
Women Korean Style Bag Original Cartoon Backpack Cute Bags S,Men Clothes
Korean Women Stitchi Belt Purse Mini Fold  Wallet,Women Bags
Shoulder Bag Mini Rucksack Purse Handbag,Women Bags
Vintage Letters Canvas Students Shoulder Bag,Women Bags
Travel Outdoors Portable Underwear Storage bag,Women Bags
Cash trend handsome jacket jacket,Men Clothes
Fashion Women Backpack Newest Stylish Cool Black canvas Owl Backpack,Women Bags
Women Canvas Shoulder Bag Vintage Hand Bag,Women Bags
Women Canvas Printed Shoulder Bag,Women Bags
Fashion Women Tassel Leisure Shoulder Bag Sets,Women Bags
Mens Underwear Boxers Shorts Modal Underpants Home Sleepwear,Men Clothes
candy color hand bag,Women Bags
Girl Cartoon PU Leather Bag Satchel Handbag Tote,Women Bags
Mens Mid Rise Pouch Trunks Men Underwear Brief Underpants,Men Clothes
Funny Girl Cute Satchel School Shoulder Backpack,Women Bags
Korean Fashion Retro Crocodile Pattern Portable Shoulder Bag Ready Stock,Women Bags
Sexy Man Fashion Underwear Bikini Man Underwear,Men Clothes
Women Fashion Smile Satchel Shoulder Bag Handbag Bilibap,Women Bags
Long Pants Elastic Rock Climbing Casual Quick Dry Trousers,Men Clothes
Mens vest sleeveless shirt Slim fit muscle,Men Clothes
Girl Embroidery Tote Wallet Purse Clutch Evening Bag,Women Bags
Cute Animals Print Canvas Coin Purse,Women Bags
Women handbag leather bag,Women Bags
Children Pull The Water Cannon Toys Summer Drift Beach Water,Men Clothes
Multifunctional Mummy Pack,Women Bags
New Hooded Women Oversize Hoodies Fashion Patchwork Long Sle,Men Clothes
Autumn Men Simple Floral Short Baseball Collar Casual Jacket,Men Clothes
NEW Men Underpants Sexy Lace Boxer Transparent Underwear,Men Clothes
Fashion Fashion Fashion Buckle Short Purse Crutch Bag,Women Bags
New Large Capacity Womens Tote Shoulder Bag Handbag dadatop,Women Bags
Autumn Men Printing Split Joint Collar Slim Denim Jacket,Men Clothes
Evening Party SparklingSequinsClutchWomen Bag,Women Bags
Mens Undershirt Mesh underwear Men Vest Men Sport Tops,Men Clothes
Halloween Cosplay Inflatable Clothes Dinosaur Doll Costume O,Men Clothes
Men Sport Sleeveless Vest Cotton Tops,Men Clothes
zztim Men Long Sleeve Cowboy Printed Zipped Jacket Slim Coat,Men Clothes
Spot Slim Leather Jacket Short Men Men Casual Black,Men Clothes
Women Solid Button Hand Bag Long Wallet,Women Bags
IF  Sweater sweater sweter pria di Korea,Men Clothes
Embroidered laser light leather wallet wallet,Women Bags
Fashion Women Travel Bags Shoulder Backpack Cross Body Bags,Women Bags
Women Fashion Floral Print Casual Loose Pants,Men Clothes
Fashion Shoulder Bag Rucksack Backpack Travel bag,Women Bags
Fashion personality embroidery canvas shoulder bag,Women Bags
Mens Cardigan Sweater Fashion Long Sleeve Knitted sfghouse,Men Clothes
Men Underwear Male Underpant Boxer Shorts Cotton Gay Sexy,Men Clothes
Hello kity handbag women bag,Women Bags
INSULAR Mummy Bag Baby Diaper Nappy Changing Bag Convenient,Men Clothes
Men Collar NASA Bomber Jacket Badge Embroidered Coat,Men Clothes
Solid Glossy Womens Jackets Casual Long Sleeves Bomber Jacke,Men Clothes
Baju Pria Slim Fit Casual Suit Jacket Business Blazers,Men Clothes
Cowboy jacket male student retro,Men Clothes
Mens Fashion Print Long Sleeve Shirts,Men Clothes
Really stock Fashion Korean Crown Printing Clutch Bags Long Purse,Women Bags
Lethe Long ladies purse,Women Bags
gzhouse New Girl Tote Luminous Shoulder Messenger Handbag,Women Bags
FG Cardigan Long Sleeve Tops Printing Coat Outwear Women,Men Clothes
Really stock Fashion Fashion Buckle Short Purse Crutch Bag,Women Bags
Men Underwear Star Stripes Pattern Unique Boxer Brief Men Underwear,Men Clothes
Korean Concise Portable Canvas Messenger bag,Women Bags
Womens DIY Print Shoulder Replacement Handbag Bag Strap,Women Bags
Casual Bags Women PU Backpack,Women Bags
Nubuck Chess Small Zipper Wallet Coin Purse Women CardHolder,Women Bags
Women Iron Ring Ablique Shoulder Korean Bags,Women Bags
Bag Owner Women Canvas Tote Shoulder Messenger Lady Handbag New,Women Bags
Women Canvas Backpack,Women Bags
Casual Bags Women PU Backpack,Women Bags
Women Vintage PU Leather Backpack Silver,Women Bags
Ready stock ethnic style bag hand embroidery canvas backpack,Women Bags
Cartoon dog women purse famous brand women wallet,Women Bags
Men Sweatshirt Hoodie Crewneck Coat Jacket Sweater kklucy,Men Clothes
Female tide Korean version shoulder bag wide shoulder bag,Women Bags
Creative Animal Fawn LED Night Light Lamp Christmas Atmosphe,Men Clothes
Long Prom Evening Dress long sleeve Floral Embroidery Women,Men Clothes
National Ethnic Style Embroidery Backpack Travel Canvas Rucksack Shoulder Bags,Women Bags
Fashion Lovely Kawaii Candy Color Cartoon Animal Women Girls Wallet,Women Bags
Girl Hit Color Satchel Shoulder School Bag Backpack yyjack,Women Bags
Sports trousers mouth male loose was thin pants,Men Clothes
Lady Long Leather Purse Clutch Wallet,Women Bags
Women PU Leather Clutch Long Wallet Grey,Women Bags
Lady Satchel Messenger Cross Body Shoulder Bag Handbag yyjack,Women Bags
Cute and beautiful strawberry purse for children,Women Bags
Chiffon shirt big,Men Clothes
Jacket Men Bomber Jackets Mens Outwear Windbreaker Coat Jaqueta Masculina,Men Clothes
Ready Stock Metallic Color Rainbow Backpack,Women Bags
Supreme women backpack Sports Bags,Women Bags
Womens High Quality Shoulder School Bookbag Bag Backpack dadatop,Women Bags
Korean Mediterranean Students Book Bag,Women Bags
Double Sequins Hand Bag Fish Scales Bag,Women Bags
Women Leather Handbag Shoulder Tote white,Women Bags
Camouflage Print Men Briefs Shorts Men Underwear,Men Clothes
Fashion Women Leather Chain Elegant Shoulder Bag,Women Bags
New Man Jacket Casual Hooded Ribbon Cardigan Stitching Zipper Sweatshirt,Men Clothes
Mermaid Glitter Sequins Drawstring Backpack,Women Bags
Mens Dress Casual Shirt Slim Business long sleeve shirt,Men Clothes
Fashion Star Universe Space Printing Backpack School Bags fo,Men Clothes
Women handbag leather Luggage bag,Women Bags
women backpack shoulder bag,Women Bags
High Quality Fashion Fashion Star Style Oxford Cloth Backpack,Women Bags
Ready Stock Letters Book Bag Backpack,Women Bags
Women PU leather Shoulder Bag Mini Sling Bag,Women Bags
Buckle Zipper Scrub Handbag Purse Wallet Card Bag,Women Bags
Fashion Shoulder Bag Rucksack Backpack Travel bag,Women Bags
New Cat Backpack Women School Bags Backpack Girl,Women Bags
Woman canvas bag shopping handbag fashion casual handbag,Women Bags
Really stock Fashion Fashion Zipper Long Purse Crutch Bag,Women Bags
gzhouse Men Sweatshirt Hoodie Crewneck Coat Jacket Sweater,Men Clothes
National Ethnic Style Embroidery Backpack Travel Canvas Rucksack Shoulder Bags,Women Bags
Lady Beach Bag Purse Handbag HOT Blue,Women Bags
Kostum Halloween Zombie Costume Cosplay Kostum yang Lucu,Men Clothes
Baellerry Dompet wanita korea Gaya Anggun,Women Bags
Women Skull Printed Leggins Trendy Leggings Pants,Men Clothes
Kostum Halloween Kostum Black Cosplay,Men Clothes
Cartoon Animal Crystal Velvet Newborn Baby Blanket Soft Bedd,Men Clothes
Girl student cute Mickey mouse backpack canvas sack pack,Women Bags
kkulcy Mens Sweatshirt The Collar Top Cotton Blend Print,Men Clothes
Men Knit Thicken Sweater Pullover Knitwear Jumper Top Bilibap,Men Clothes
Athletic Leg Elastic Nylon Mesh Breathable Brand Men Underwear,Men Clothes
Women handbag leather bag,Women Bags
Mens Woolen Coat Long Jacket Outerwear Overcoat  Bilibap,Men Clothes
Satchel Purse Crossbody Shoulder Bag NEW Black,Women Bags
Men Athleisure Hooded Fashion Sweatshirt Mens Hoodies kklucy,Men Clothes
Jackets Teenage Slim Casual Jackets Men,Men Clothes
Mens Hooded Sweatshirt Coat Jacket Sportwear Hoodies Falifap,Men Clothes
Trousers Rock Climbing Elastic Casual Quick Dry Long Pants,Men Clothes
New Large Capacity Womens Tote Shoulder Bag Handbag dadatop,Women Bags
Really stock Fashion Korean Clutch Bag Lovely Cartoon Purse,Women Bags
Really stock Fashion Fashion Buckle Long Purse Crutch Bag,Women Bags
Travel Outdoors Luggage Clothing Storage Bag,Women Bags
Ladies Handbags Women Bag,Women Bags
Kostum Cosplay Skull Halloween Cotton Leotard,Men Clothes
Portable Insulated Thermal Cooler Lunch Box,Women Bags
Mens Hooded Sweatshirt Coat Jacket Sportwear Hoodies Bilibap,Men Clothes
fashion wallet long wallet,Women Bags
Mini Women Shoulder Bag Imitation Leather Messenger Packet Satchel Handbags,Women Bags
Vintage Matte Wallet Fashion Small Female Purse,Women Bags
Men British Casual Print Long Sleeve Lapel Shirt,Men Clothes
Korean loose corduroy jacket with long,Men Clothes
Travel Outdoors Portable Shoulder bag Storage Bag,Women Bags
Cartoon dog women purse famous brand women wallet,Women Bags
Creative zipper short ladies purse,Women Bags
Women Satchel School Shoulder Backpack Handbag yyjack,Women Bags
A short sleeveless sweater vest knitted,Men Clothes
Girl Jelly Tote Messenger Cross Body Shoulder Bag Handbag yyjack,Women Bags
Korean Corduroy Functional Backpack,Women Bags
HOT SALE Women Slim Wallet Money Long Purse Clutch Bag,Women Bags
Protect Car Window Auto Visor Windshield Windscreen Sun Bloc,Men Clothes
hello kitty cartoon print ladies handbag,Women Bags
Card Holder Long Purses Women Wallets Large Capacity Leather,Women Bags
Men Casual Hoodie Jumper Pullover Sweatshirt Tops Hooded dadatop,Men Clothes
Women PU leather Ladies Purse contrast color Wallet,Women Bags
gzhouse Mens Casual Skateboard Sweatshirt Coat Crewneck,Men Clothes
Men Knit Thicken Sweater Pullover Knitwear Jumper Top Bilibap,Men Clothes
Korean Fashion Magnetic Buckle Shoulder Bag,Women Bags
Fashion Fashion Cartoon Bookbag Plush Captial America  Kids Backpack,Women Bags
Women Denim Students Backpacks Outdoor Backpack Black,Women Bags
Large Velcro wallet card lady,Women Bags
Ladies long fashion soft matte wallet,Women Bags
Fashion Cartoon Cat Canvas Satchel Bag Cellphone Bag,Women Bags
Protein Powder Shaker Exercise Cup Automatic Stirring Cup El,Men Clothes
Really stock Fashion Fashion Buckle Long Purse Crutch Bag,Women Bags
Lady Beach Bag Purse Handbag White,Women Bags
Halloween Party Mask Masquerade Horror Chainsaw Killer Mask,Men Clothes
zztim Men Slim Fit Hoodie Sweater Pullover Jacket Coat Sweatshirt,Men Clothes
Winter Clothing Men Sweatshirts Warm Sweatshirt,Men Clothes
Men Underwear Star Stripes Pattern Unique Boxer Brief Men Underwear,Men Clothes
Jacket Men Bomber Jackets Mens Outwear Windbreaker Coat Jaqueta Masculina,Men Clothes
Girls Rucksack Shoulder School Bag  black,Women Bags
women backpack shoulder bag,Women Bags
Women Holographic Gammaray Backpack Silver,Women Bags
Women PU leather Shoulder Bag Mini,Women Bags
Fashion Leisure Long Wallet Clutch Bag for Men,Women Bags
Korean New Plush couples dress loose Half Zip Sweater,Men Clothes
Metal Stainless Steel Money Clip Holder Folder Collar Clip,Women Bags
Double Zipper Long Wallet Phone Bag Beige,Women Bags
Girl Cute Cartoon Satchel Tote School Backpack yyjack,Women Bags
Fashion Flamingo Pattern Canvas Unisex Computer backpack,Women Bags
Women Brief Zipper Small Purse Wallet,Women Bags
ready stock Canvas Drawstring Backpack Shoulder Beach Bag,Women Bags
Womens Leather Handbag Shoulder Messenger Bag,Women Bags
Sewing Machine Tote Caryying Bag,Women Bags
Finger Socks Patchwork Men Socks Casual Cotton Socks,Men Clothes
Metal buckle knitted elastic waist high waist skirt,Men Clothes
Sexy Man Fashion Thong Style Man Underwear,Men Clothes
Elitemen Men Sexy Underwear Jockstrap Nightwear Briefs Trunks,Men Clothes
New Plain Mens Hoodies Fleece Pullover Sweatshirt,Men Clothes
Beauty Men Coat Jacket Winter Slim Hoodie Warm Sweatshirt,Men Clothes
Men Linen Cotton Casual Pants Thin Sweatpants Straight Trousers,Men Clothes
Miss Mummy Baby Nappy Diaper Bag Changing Bags Backpack,Women Bags
Fashion Men Cargo Pants Big Pockets Mens Pants,Men Clothes
Foldable Shopping Trolley Bag Rolling Wheel Cart Tote Grocery Handbag,Women Bags
Cute Cartoon Brown Bear Shoulder Bag,Women Bags
English letter canvas bag single shoulder bag female,Women Bags
Women Jumpsuit  Playsuit Bodycon Romper Trouser,Men Clothes
Travel Outdoors Net Luggage Storage Bag,Women Bags
Men shorts Men Shorts Mid Waist Casual Trunks Beach Shorts,Men Clothes
Women Leather Wallet Crown Decors Designer Purse For Teen Girls,Women Bags
Fashion Korean Women Mini Messenger Bag,Women Bags
Travel Phone Data Cables Line Storage Box Digital Finishing Package,Women Bags
Best Selling Fashion Cute Mini Cross Body Chain Sling bag,Women Bags
Creative Multicolor Fingerlings Colorful Finger Monkey Intel,Men Clothes
Sexy Men Underwear Boxer Trunks Home Sleepwear,Men Clothes
Underwear Mens Cotton Briefs Shorts Bulge Pouch,Men Clothes
Women Small Mini Leather Wallet Holder Zip Coin Purse Clutch,Men Clothes
Embroidery Color Block Denim Crossbody Bag,Women Bags
Mens Long Sleeve Cotton Blends Hoodies,Men Clothes
European Men Long sleeved Shirt Collar Shirt Color Cable Access,Men Clothes
Men Fashion Hoodie Sweatshirts Sportswear Tracksuits Suit,Men Clothes
Jaket Pria Casual Outwear Hooded Plus Size,Men Clothes
Really stock Fashion Fashion Buckle Short Purse Crutch Bag,Women Bags
Home Large Handbag Moving Storage Luggage Organizer Bag Bilibap,Women Bags
Handbag Jelly Transparent Shoulder Bag Dazzle Colour Laser,Women Bags
Travel Womens Cartoon Satchel Tote Schoolbag Backpack sfghouse,Women Bags
Mens Cardigan Sweater Fashion Long Sleeve Knitted Falifap,Men Clothes
Auto Windshield Sun Shade Reflective Sun Shade for Car Cover,Men Clothes
Travel Outdoors Outlets Luggage bag Storage Bag,Women Bags
Summer PU Leather Leisure Backpack,Women Bags
Skirt skirt waist skirt,Men Clothes
Multifunctional New Winter Baby Cotton Sleeping Bag for Chil,Men Clothes
Men Shirt Business Casual Slim Fit Male Shirt,Men Clothes
Fashion Fashion Fashion Zipper Long Purse Crutch Bag,Women Bags
Pink Embroidered rabbit paper  winter slippers  home slippers,Men Clothes
Medium length denim blouse with loose,Men Clothes
Men Casual Fashion Hooded Sweatshirt Irregular Stitching Zipper Coat,Men Clothes
Mens Long Sleeve Knitwear Cardigan Sweater dadatop,Men Clothes
Kostum Halloween Ninja Jumpsuit Cosplay Hitam Putra,Men Clothes
New fashion denim shirt men long sleeve shirt,Men Clothes
Men Sweater Loose Hoodie Sleeve Hooded Solid Body Coat Falifap,Men Clothes
Sanitary Buddy Bear Baby Diaper Nonwoven Cloth Dry Diapers A,Men Clothes
Mens Casual Slim Tshirt Long Sleeve Hoodie,Men Clothes
Personalized Floral  Printing Pu Shoulder Bag,Women Bags
Men Underwear Stamping Flow Mark Modelling Original Men Underwear,Men Clothes
Fashion Shoulder Bag Rucksack Backpack Travel bag,Women Bags
Children Kids Babies Educational Learning Phone Puzzle Toy M,Men Clothes
Retro Treasure Map Pencil Case Pouch For Stationery dadatop,Women Bags
Ransel kecil Mickey ear casual,Women Bags
Cockcon Mens underpants Underwear Sexy Lace Briefs,Men Clothes
Fashion Fashion Cartoon Superman Doraemon Plush Kids Bookbag,Women Bags
Cartoon Animal Crystal Velvet Newborn Baby Blanket Soft Bedd,Men Clothes
Men Hot Sexy Borat Mankini Costume Swimsuit Swimwear Thong Underwear,Men Clothes
Korean fashion Strapless loose chiffon,Men Clothes
NEW Mens underwear Cotton Boxers Cartoon Print Panties,Men Clothes
Mens Dress Shirt Slim Business Uniform long sleeve shirt,Men Clothes
Parka Down Coat Men Outwear Casual Padded Long Sleeve Thick,Men Clothes
Casual Round Neck Sweater Trend Fashion Long Sleeves Homewea,Men Clothes
Baellerry Dompet wanita korea Gaya Anggun,Women Bags
wanita ransel fashion kulit emboss,Women Bags
Fleece Warm Beard Mask Thickening Knit Hat Ladies Winter Woo,Men Clothes
Celana Panjang Pria Korean version of the foot pants,Men Clothes
Fashion Fashion Contrast Color Flower Chain Bag Cellphone Bag,Women Bags
European Size Men Fashion Match Color Turtleneck Sweater,Men Clothes
Fashion Fashion Fashion Star Style Oxford Cloth Backpack,Women Bags
gzhouse Men New Long Sleeve Casual Pullover Sweats Hoodies,Men Clothes
Casual Hollow Satchel Cross Body Messenger Handbag yyjack,Women Bags
Women PU leather Mini Phone Cover Bag Hand Bag,Women Bags
Ladies Sexy Womens High Waisted Jeans Skinny Leg Stretch Jegging,Men Clothes
HEQU Dompet koin silikon kartun silicone purse cartoon coin bag,Women Bags
Really stock Fashion Korean Clutch Bag Lovely Cartoon Purse,Women Bags
New Solid Corduroy Backpack Girls School Bags Teenager Travel Backpack,Women Bags
men underwear low waist rings AC section angle Famous Brand,Men Clothes
FM Lengan Ritsleting Hoodie Pria Slim Fit Cardigan Sweater Coat,Men Clothes
Fashion Flamingo Pattern Canvas Unisex Computer backpack,Women Bags
Casual Round Neck Sweater Trend Fashion Long Sleeves Running,Men Clothes
LIGAO Casual Men Denim Jacket Coats,Men Clothes
Sexy Men Briefs Lace Underwear Underwear,Men Clothes
Women PU leather Shoulder Bag Mini Sling Bag,Women Bags
Miss Mummy Baby Nappy Diaper Bag Changing Bags Backpack,Women Bags
Men Long Sleeve Color Blocking Slim Tops Trendy Business Shirts,Men Clothes
Printing Linen Waist Thin Section Trousers Men,Men Clothes
Womens Fashion Sneakers Soft Breathable Flat Bottom Casual S,Men Clothes
Trousers Rock Climbing Elastic Casual Quick Dry Long Pants,Men Clothes
Men Chess Pattern Underwear Sexy Temptation Transparent Thong Erotic Lingerie,Men Clothes
Ready Stock Double Sequins Hand Bag Fish Scales Bag,Women Bags
Women PU Leather Shoulder Bag Messenger Bags Handbag Crossbody Satchel,Women Bags
Casual Girl Tote Student Fashion Shoulder Backpack  bilibap,Women Bags
Men Letter Jacket Coat Sweatshirt Hooded Outwear sfghouse,Men Clothes
Men Casual Printed Oversize Hoodies Sports Suit kakalucky,Men Clothes
men underwear low waist rings AC section angle Famous Brand,Men Clothes
Vintage Magnetic Buckle Shoulder Bag,Women Bags
LIGAO Men Long Sleeve Turn Down Collar Denim Jacket Coats,Men Clothes
Halloween Ghost Show Costume Witch Dress Cosplay Costume Mas,Men Clothes
Korean Shirts Men Blouse Mandarin Long Sleeve,Men Clothes
Retro Solid Color Flap Closure Shoulder Bag Party Bag,Women Bags
Korean Ready Stock Black Pu Backpack,Women Bags
Men Cultivating Stretch Jeans Trousers,Men Clothes
Womens Designer Purses and Handbags Ladies Tote Bags,Women Bags
Multifunctional Game Disk Storage Tower Holder,Women Bags
Outdoor Waterproof Climbing Tactical Combat Military Hinking Cargo Pants Men,Men Clothes
Piroyce Casual Style Card Holder Clutch Wallet for Women,Women Bags
Mens Hooded Sweatshirt Coat Jacket Sportwear Hoodies kklucy,Men Clothes
Large multi card wallet,Women Bags
Womens Designer Purses and Handbags Ladies Tote Bags,Women Bags
Women PU leather Shoulder Bag Vintage,Women Bags
Fashion ladies waterproof nylon bag ladies shoulder Messenger bag,Women Bags
Hot Small Messenger Bag Shoulder Bag Crossbody Envelope Purse Handbag,Women Bags
Travel Outdoors Classification Storage Bag,Women Bags
The New Personality Round Spiral Flower Earrings Exaggerated,Men Clothes
Men Slim Fit Hoodie Sweater Pullover Jacket Coat Sweatshirt Falifap,Men Clothes
stone hand holding bag,Women Bags
Small Photo Digital Camera Backpack Bag Camera Video Bags,Women Bags
Men British Aristocratic Print Long Sleeve Lapel Shirt,Men Clothes
Lovely Baby Cotton Diaper Pants Cartoon Bag Adjustable Leakp,Men Clothes
Canvas Leather Shoulder Bags High Capacity Messenger Vintage,Women Bags
Wrist Brace Zip Wallet Running Cycling Tennis Sports Key Bags,Women Bags
Men Underwear Boxer Shorts Cotton Gay Sexy Male Underpant,Men Clothes
Mini Heart girls women Lovely Silicone Coin Purses Wallet,Women Bags
Owl Embroidered Tote Handbags Postman Package Shoulder Bag,Women Bags
Hanging Portable Digital Luggage Scale Gadget Suitcase Weighing,Women Bags
Travel Outdoors Portable Shoulder bag Storage Bag,Women Bags
Girl Embroidery PU Leather Tote Messenger Shoulder Handbag Bibitop,Women Bags
Summer PU Leather Leisure Backpack,Women Bags
New Oxford Waterproof Drawstring Backpack Fashion Outdoors Bundle Shoulder Bag,Women Bags
INF  Koreanstyle readystock Jaket kulit ketat pria,Men Clothes
New simple lady wideband shoulder Messenger bag,Women Bags
South Korean vest summer new girls dress Korean sexy strap,Men Clothes
Modern Lady Satchel Crossbody Shoulder Phone Bag sfghouse,Women Bags
Simple multi card eighty percent off ladies purse clasp,Women Bags
Canvas Patch Pattern Striped Shoulder Bag,Women Bags
Laptop Backpack USBCharge External Travel Bag Swiss Military,Women Bags
Halloween Oktoberfest Beer Costume,Men Clothes
Weave Satchel Messenger Cross Body Shoulder Bag Handbag dadatop,Women Bags
Men Underwear Boxer Shorts Gay Sexy Cotton Male Underpant,Men Clothes
Alligator Pattern Women Messenger Bags  Shoulder Bags,Women Bags
Leather Women Large Messenger Tote Black,Women Bags
Womens  Tote Shoulder Backpack Bag Handbag Schoolbag,Women Bags
Denim Trouser Pencil Pants Jeans Pants,Men Clothes
Men Casual Sweatshirt Coat Jacket Outwear Sweater Shawl,Men Clothes
Boy leather jacket boy PU,Men Clothes
Waterproof Breast Milk Preservation Bag,Women Bags
FG Legging Pants Workout Crossfit Tights Bottom Trousers,Men Clothes
Cute Mini creative coin purse,Women Bags
Multifunctional Mummy Shoulder Bag to be produced backpack,Women Bags
INF  Sweater sweater sweter pria di Korea,Men Clothes
gzhouse Womens  Tote Shoulder Backpack Bag Handbag Schoolbag,Women Bags
Women Carpri Leggings High Waist Printing Yoga,Men Clothes
Baellerry Dompet wanita korea Gaya Anggun,Women Bags
Fashion cute little dots wallet for women,Women Bags
WOMEN HOLOGRAPHIC COLLEGE SCHOOL BACKPACK GIRLS HANDBAG SHOULDER BAG RUCKSACK,Women Bags
Women Solid Button Hand Bag Long Wallet,Women Bags
Ladies high heels Purse,Women Bags
New European Code Buttons Surplice Collar Mens Long Sleeve Shirt,Men Clothes
Unisex Clip Holder Magic Wallet Slim Money Clip,Women Bags
Merk Mannen Shorts Actieve Elastische broek,Men Clothes
Supreme Women Handbag Super AAA,Women Bags
Genuine Leather Wallet Card Holder Antitheft Men Wallets Leather,Women Bags
Travel Outdoors Portable Dustproof Shoes Storage Bag,Women Bags
Shopper Bag Printing Shopping Canvas Handbag Shoulder Tote,Women Bags
Fashion Knit Round Crewneck Sweater Top Sweaters Bilibap,Men Clothes
Korean Brief Canvas Leisure Nylon Backpack Student Bag,Women Bags
Men Underwear Sexy Briefs Shorts Adult Camouflage Print,Men Clothes
Korean Fashion Cute Small Backpack,Women Bags
gzhouse Mens Retro Knitted Pullover Jumper Turtleneck Collar Sweater,Men Clothes
Sweet Women PU Leather Shoulder Crossbody Bag Bilibap,Women Bags
Women Cute Shoulder Bag Mini Sling Bag,Women Bags
Travel Outdoors Portable Luggage Storage Bag,Women Bags
Men Trench Coat Long Sleeve Overcoat High Quality Coats,Men Clothes
Retro Bracelet Simple Shoulder Bag Handbag,Women Bags
Universal Car Elastic Mesh Net Bag Seat Back Storage yyjack,Women Bags
Lovely Baby Cotton Diaper Pants Cartoon Bag Adjustable Leakp,Men Clothes
New Man Jacket Casual Hooded Ribbon Cardigan Stitching Zipper Sweatshirt,Men Clothes
Women PU leather Shoulder Bag Embroidery,Women Bags
Mens Underwear Sexy Thongs Gay Jockstrap Underpants,Men Clothes
WEICHEN ladies fashion simple wallet,Women Bags
gzhouse NEW Men Fashion Long Sleeve Jacket Hoodies Fleece Sweater,Men Clothes
Women PU leather Shoulder Bag Fashion Sling Bag,Women Bags
Lady Zipper Card Bag Leather Large Capacity Multi Card Bag,Women Bags
Creative Leisure Nylon Backpack College Wind Waterproof Joker Students Backpacks,Women Bags
men underwear low waist Famous Brand rings AC section angle,Men Clothes
woman ladies Leathershort wallet card holder holding small bag,Women Bags
Baellerry new business handbag with Long Wallet,Women Bags
Backpack Transparent Candy Harajuku Shoulder LoveHeart Shape,Women Bags
kkulcy Mens Printed Floral Mesh Hollow Outl Coat Slim Jacket,Men Clothes
Long Pleated Skirt Chiffon Elastic Waist Skirt Dress,Women Bags
Large ice packs double insulation Ready Stock,Women Bags
Women Floral Print Backpack Mosaic Pattern Bag Women School,Men Clothes
Affordable Retro small square bag shoulder Messenger bag,Women Bags
Large capacity crocodile print ladies purse,Women Bags
Korean snap candy color long solid purse bag lady bag,Women Bags
Unisex Outdoor Large Capacity Functional Shoulder Bag Crossbody Bag,Women Bags
Solid Color Zipper Closure Soft Backpacks School Bag,Women Bags
Korean fashion handbags shoulder Messenger bag,Women Bags
Fashion Concise Sweet Ring Clutch Bag Purse,Women Bags
Zipper Jacket Autumn Winter Oversized Long Sleeve Cardigan Coat,Men Clothes
Solid Color Zipper Closure Soft Backpacks School Bag,Women Bags
Travel Outdoors Climbing Shoulder Bag Pouch,Women Bags
Halloween Supplies Cosplay Cloth Bright Cloth Death Cloak Pa,Men Clothes
INSULAR Mummy Bag Fashion Maternity Large Capacity Backpack Nursing Bag,Women Bags
Winter Fashion Men Clothing Sweatshirts Coat jacket,Men Clothes
Really stock Fashion Cartoon Monster Short Wallet for Men,Women Bags
FG Passport Case Cover Animal Travel Passports Pattern Map,Women Bags
Women Cute Mini  Backpack Leather Zipper Satchel Shoulder Bags,Women Bags
Sport Tops Lattice Shirt Short Sleeve Stitching Print Loose,Men Clothes
Canvas Geometric Patterns Printed Backpacks School Bag,Women Bags
The loose split short sweater vest,Men Clothes
Men Underwear Stamping Flow Mark Modelling Original Men Underwear,Men Clothes
Really stock Fashion Cartoon Monster Short Wallet for Men,Women Bags
Ladies long wallet phone bag,Women Bags
Mens Underpants Sexy Penis Pouch Boxers Cotton Breathable,Men Clothes
Korean Disassembled Canvas Messenger Bag,Women Bags
Fashion Korean Disassembled Canvas Messenger Bag,Women Bags
Women Owl Canvas Tas Dompet Hibrid Hasp Dompet Kecil,Women Bags
Korean Solid Color Students Backpack,Women Bags
On Sale Mickey Leather Bag backpack,Women Bags
New Christmas Wine Bottle Cover Christmas Bottle Scarf Hat S,Men Clothes
Mens Luxury Stylish Long Sleeve Slim Shirts sfghouse,Men Clothes
Fashion Korean Letter Buckle Handbags Shopping Bags,Women Bags
Women Cat Printing Canvas Backpacks School Bag Ladies Rucksack Bookbags,Women Bags
Fashion Fashion Korean Solid Color Small Bag Comestic Bag,Women Bags
Womens folk style shirt sleeve female retro lace embroidery bandage,Men Clothes
Baby Hygienic Cotton Diaper Newborn Infant Leakproof Diapers,Men Clothes
Korean version of the long wallet wallet wallet Ready Stock,Women Bags
Fashion Luxury Women Long Wallets Cards Positions Thin Handbag Purse,Women Bags
Men Cargo Pants Big Pockets Mens Pants,Men Clothes
Fashion Leisure Rivet Small Backpack Chest Bag,Women Bags
Lethe Clamshell hasp long multi Card Wallet Bag,Women Bags
Women Fashion Slim Round Collar Casual Bodycon Dress,Men Clothes
Elitemen Men Sexy Underwear Jockstrap Nightwear Briefs Trunks,Men Clothes
Sandals and sandals for men and women in,Men Clothes
Women Fashion Slim Solid Color Casual Bodycon Dress,Men Clothes
Women Shoulder Bag Jelly Sling Bag,Women Bags
Women Backpack Casual Canvas Backpacks Softback Bags Solid Backpack,Women Bags
Vintage Women Skinny Elastic Belt Leaf Design,Men Clothes
Big size hooded long sleeve loose stripe,Men Clothes
Queens Mummy Baby Nappy Diaper Bag Changing Bags Backpack,Women Bags
Fashion Fashion Large Capacity Clutch Bag,Women Bags
Women Ladies Clutch Wallet Black,Women Bags
New fashion denim shirt men long sleeve shirt,Men Clothes
ladies handbag leisure belt buckle bangalor,Women Bags
MIMCO Lovely Medium Pouch  Travel Wallet Mimco Wallet,Women Bags
Stylish PU Solid Color Tassel Short Wallet for Women,Women Bags
Kostum Monyet Brown Pria Jumpsuit,Men Clothes
Baju Pria Bomber Fashion Korean Outwear Plus Size Loose,Men Clothes
Large Capacity Mother Bag Multifunctional Travel Baby Nappy Bags,Women Bags
Guapabien Casual Style PU Leather Women Stylish Backpack,Women Bags
New Men Korean Casual Slim Pure Color Long Sleeved Shirt,Men Clothes
YIKA Auto Windowshield Sun Shade for Car Cover Visor Windows,Men Clothes
Combat Trousers Military Men SWAT Army Pants,Men Clothes
Men Round Neck Sweater Pullover Knitwear Jumper Coat Tops Bilibap,Men Clothes
Fashion Womens Weave PU Shoulder Crossbody Bag Bilibap,Women Bags
Fashion Loose Big Size Hoodiee Suit with Hat,Women Bags
Men Fashion Retro Slim Denim Jacket Jeans Coat Blue,Men Clothes
Tas Wanita Woman Crossbody Bag Shoulder Bag Small Flap Bag,Women Bags
Modal underwear Solid color Homme Seamless Letter printed,Men Clothes
Kostum Halloween Kostum Black Cosplay,Men Clothes
Fancyqube Anello diaper bag,Women Bags
Lady Autumn Scarf Women Winter Scarves Temperament Wild Hit,Men Clothes
Women Diamond Fold Fashion Classic Handbag Dinner Packages Minaudiere,Women Bags
Men Casual Printed Oversize Hoodies Sports Suit kakalucky,Men Clothes
Fashion Sequins Zipper PU Backpacks Bag,Women Bags
Lunch Thermal Box Cooler Carry Picnic Tote Storage Large Bag,Women Bags
Jaket Mens Classic Retro Style Bomber Coat Windproof,Men Clothes
Card Holder Long Purses Women Wallets Large Capacity Leather,Women Bags
Women PU leather Shoulder Bag Fashion Messenger Bag Sling Bag,Women Bags
Hot Women Fashion Hoodie Sweatshirt Long Sleeve Floral kakalucky,Men Clothes
Cockcon Mens underpants Underwear Sexy Lace Briefs,Men Clothes
Spot Slim Leather Jacket Short Men Men Casual Black,Men Clothes
Shopper Bag Shoulder Tote Canvas Handbag Printing Shopping,Women Bags
Shopper Bag Printing Shopping Canvas Handbag Shoulder Tote,Women Bags
Sexy Men Briefs Lace Underwear Underwear,Men Clothes
Crocodile pattern oblique cross handbag Ready Stock,Women Bags
Baellerry Dompet wanita korea Gaya Anggun,Women Bags
Embroidery Color Block Denim Crossbody Bag,Women Bags
Spot jackets fashion Slim trend men fall coat,Men Clothes
Preppy Chic Students Canvas Backpack Casual Floral Printed School Bag,Women Bags
Autumn sports long sleeve jacket shirt,Men Clothes
SpaceBag Reusable Bag Foldable Shopping Bag Trolley Bag Wheels Bags,Women Bags
Large Capacity Womens Canvas Handbag dadatop,Women Bags
Parka Down Coat Men Outwear Casual Padded Long Sleeve Thick,Men Clothes
Business casual pants male loose straight trousers young men,Men Clothes
Portable Casual Belt Buckle Shoulder Bag for Ladies Ready Stock,Women Bags
Men Active Trunks Workout Man Jogger Boxers Sports Shorts,Men Clothes
Long Pants Trousers Quick Dry Rock Climbing Elastic Casual,Men Clothes
Cockcon Mens underpants Underwear Sexy Lace Briefs,Men Clothes
Korean Thickening Canvas Messenger Bag,Women Bags
Women Fashion Floral Print Casual Loose Pants,Men Clothes
Really stock Fashion Korean Crown Printing Clutch Bags Long Purse,Women Bags
Korean Fashion Cute Small Backpack,Women Bags
Cute Animal Glass Baby Feeding Bottle Infant Milk Bottle Fee,Men Clothes
Shoulder Messenger Bag Women Women Bag Bag,Women Bags
FG Pakaian Pria Hoody Casual Sweatshirts Coat Hooded Jumper,Men Clothes
baellerry Ladies long purse DOMPET,Women Bags
Fashion Fashion Leisure Retro Flower Printing Backpack,Women Bags
Lady fashion simple purse,Women Bags
Women Lady Shining Sparkling Small Wallet Hasp Purse Clutch Bag,Women Bags
Stylish Printed Hoodie Casual Sweater Printed Casual Long Sleeve Outerwear,Men Clothes
Halloween Priest Polyester Costume,Men Clothes
New Plain Mens Hoodies Fleece Pullover Sweatshirt,Men Clothes
Korean Ready Stock HBRajuku Students Book Bag,Women Bags
Jackets Teenage Slim Casual Jackets Men,Men Clothes
Portable Insulated Thermal Cooler Lunch Box,Women Bags
Multifunctional Mummy Pack,Women Bags
Travel Phone Data Cables Line Storage Box Digital Finishing Package,Women Bags
Men Underwear Sexy Penis Pouch Boxers Cotton Breathable,Men Clothes
Women Owl Canvas Tas Dompet Hibrid Hasp Dompet Kecil,Women Bags
Passport Holder Organizer Bag Rose red,Women Bags
Creative zipper short ladies purse,Women Bags
Zipper carry bag,Women Bags
Large capacity multifunctional zipper wallet wallet bag ladies small,Men Clothes
Large Capacity Backpack Unisex School Bags for Teenagers Oxf,Men Clothes
Short Wallet for men,Women Bags
Jacket Men Bomber Jackets Mens Outwear Windbreaker Coat Jaqueta Masculina,Men Clothes
Travel Outdoors Net Luggage Storage Bag,Women Bags
Guapabien Cute Flower Appliques Women Clutch Wallet,Women Bags
Really stock Fashion Fashion Buckle Short Purse Crutch Bag,Women Bags
Travel Outdoors Foldable Shoulder Storage Bag,Women Bags
Women Canvas Shoulder Bag Fashion Hand Bag,Women Bags
FG Mantel pullover Sweater Pria Jumper Sleeve Long Knit,Men Clothes
Fashion Korean Leisure Large Capacity Womens Shopping Handbag,Women Bags
Fashion Shoulder Bag Rucksack Backpack Travel bag,Women Bags
Under Armor shorts summer men cool sports fast dry,Men Clothes
Men Cotton Sports Casual Pocket Trousers,Men Clothes
Collar Stand Long Sleeve Zipper Hoodies Sweatshirt Jacket,Men Clothes
FG Card Case Card Holders Dompet Mutu Pria Dompet Mutu,Women Bags
Women Synthetic Leather Shoulder Bag Crossbody Bag Tote Messenger,Women Bags
Simple love short Wallet,Women Bags
men underwear low waist Famous Brand rings AC section angle,Men Clothes
Mens casual pants  trend pants  thin,Men Clothes
Halloween Bat pria Adlut Men Costume,Men Clothes
Shoulder Bag Nylon Satchel Backpack Rabbit,Women Bags
Zipper Around Fruit Shaped Crossbody Bag,Women Bags
Girl Cute Cartoon Satchel Tote School Backpack dadatop,Women Bags
Ifone  Women Shoulder bags Messenger PU Leather,Women Bags
New Trend Of Large size Men Korean Fashion Sweatshirt Hoodie,Men Clothes
Summer fashion pineapple stamp wide short sleeved shirt OVERSIZE woven,Men Clothes
Snake Skin Envelope Bag Day Clutches Purse Evening Bag,Women Bags
Men Stand Collar Warm Cardigan Casual Fashion Concise Fit Coats,Men Clothes
Baby Sleeping Bag Baby Cotton Onesie Infant Split Pants Newb,Men Clothes
Sexy Men Underwear Thongs Gay Jockstrap Underpants,Men Clothes
Men Underwear Boxer Shorts Trunks Home Sleepwear Underpants,Men Clothes
Scrub Ring Zipper Shoulder Bags,Women Bags
Korean men fall off two hoodie coat,Men Clothes
FG Man Underwear Style Size Bikini XL Fashion Thong Sexy,Men Clothes
Jaket Rider Motor Kulit Pria Slim,Men Clothes
Men Underwear Boxer Shorts Gay Sexy Cotton Male Underpant,Men Clothes
Canvas Concise Vintage Shopping Bag,Women Bags
Really stock Fashion Fashion Korean Contrast Color Cute Backpack,Women Bags
Tas Ransel Wanita Warna Solid Kulit PU,Women Bags
Beach Shorts Sports Breathable pantalon corto Drawstring,Men Clothes
Travel Girl Canvas New Tote Shoulder Backpack bilibap,Women Bags
Ready Stock Mermaid Glitter Sequins Drawstring Backpack,Women Bags
Women Jumpsuit  Playsuit Bodycon Romper Trouser,Men Clothes
gzhouse Mens Jackets Coats Slim Collar Tops Windbreaker,Men Clothes
PU Tote Hobo Handbags Satchel bag Purse Shoulder Bags,Women Bags
Korean Women Stitchi Belt Purse Mini Fold  Wallet,Women Bags
Casual Round Neck Sweater Trend Fashion Long Sleeves Play Ba,Men Clothes
Halloween Oktoberfest Beer Costume,Men Clothes
Practical Vehicle Headrest Cartoon Panda Lovely Neck Pillow,Men Clothes
Personality Underpants Trendy Male Boxer Shorts Comfortable Underwear,Men Clothes
Large capacity card zipper wallet wallet bag ladies small,Men Clothes
Mens Sexy Underpants Boxers Penis Pouch Cotton Breathable,Men Clothes
Baellerry new business handbag with Long Wallet,Women Bags
gzhouse Men Casual Fashion Long Sleeve Striped Round Neck Sweater,Men Clothes
Korean version of the long wallet wallet wallet Ready Stock,Women Bags
Elephant Shape Cute PU Wallet,Women Bags
Korean fashion Strapless loose chiffon,Men Clothes
Zipper carry bag,Women Bags
Mini Womens Wallet Zip Coin Mini Wallet,Women Bags
Backpack Transparent Candy Harajuku Shoulder LoveHeart Shape,Women Bags
Women PU leather Shoulder Bag Fashion Hand Bag Sling Bag,Women Bags
Men Slim Fit Stretch Summer Sports Tank Tops Undershirt,Men Clothes
Fashion Long Envelope Purse Passport Bag,Women Bags
Cockcon Men Underwear Sexy Lace Briefs sexy underpants,Men Clothes
HOT SALE Women Girl Fashion Casual Shoulder Bag Handbag,Women Bags
Buckle small fresh tassel purse wallet,Women Bags
Lady Wallet Button Clutch Card Coffee,Women Bags
Lady Beach Bag Purse Handbag HOT Blue,Women Bags
Leegoal Casual Women Girl Canvas Backpacks,Women Bags
Hot Women Fashion Hoodie Sweatshirt Long Sleeve Floral sfghouse,Men Clothes
Supreme women backpack Sports Bags,Women Bags
Lethe Rabbit Purse,Women Bags
New ladies card pack female long zipper wallet,Women Bags
Womens Tote Messenger Shoulder Purse Bag Handbag sfghouse,Women Bags
Handbag Waterproof Portable Picnic Insulated Food Lunch Bag,Women Bags
Women PU Leather Clutch Long Wallet Grey,Women Bags
Portable Insulated Thermal Cooler Lunch Box,Women Bags
Men Hoodie Fleece Letter Print Hooded  Pullover Top Bilibap,Men Clothes
Casual Shirts Slim Fit Denim Shirts Mens Long Sleeve,Men Clothes
Halloween Cloak Cosplay Fancy Dress Witch Elf Cloak Party Su,Men Clothes
DF Celana Celana Celana Pria Celana Panjang Baggy Celana Harem,Men Clothes
Halloween Cloak Cosplay Fancy Dress Witch Elf Cloak Party Su,Men Clothes
Mens Summer Casual Board Pockets Shorts,Men Clothes
Cosmetic Glitter Eyeshadow Eyeliner Pen Beauty Highlighter E,Men Clothes
Cute Mini creative coin purse Ready Stock,Women Bags
Business Card Box Stainless Steel Business Card Folder Alumi,Men Clothes
Cartoon Cute Striped Shoulder Bag Large Capacity Student Canvas Backpack,Women Bags
Dompet Wanita Crown Wallet Koin Mini Import,Women Bags
Leegoal Women Fashion PU Leather Messenger Bag Shoulder Bag,Women Bags
New long thin fashion pattern female wallet,Women Bags
Fashion Korean Leisure Large Capacity Womens Shopping Handbag,Women Bags
DF Celana Celana Celana Pria Celana Panjang Baggy Celana Harem,Men Clothes
Fashion Korean Cartoon MIni Anime Oblique Cross Bag,Women Bags
Crescent Moon Embroidery Canvas Backpack,Women Bags
Creative Plush Pumpkin Halloween Party Decoration Dolls Cree,Men Clothes
ladies handbag leisure belt buckle bangalor,Women Bags
Ready Stock Double Sequins Hand Bag Fish Scales Bag,Women Bags
Hand embroidered White Swan purse purse,Women Bags
Women PU leather Shoulder Bag Mini Sling Bag,Women Bags
Men Fashion Hoodie Sweatshirts Sportswear Tracksuits Suit,Men Clothes
WoLong Leather Purse Clutch Wallet Small Bag Card Holder,Women Bags
Men Cardigan Fitness Long Sleeve Coat Sweaters Hot Bilibap,Men Clothes
New Casual Teenagers Travel Canvas Backpack,Women Bags
Purse Lady Long Handbag Rosy red,Women Bags
Mens Plain Sweater Jumper Sweater Pullover,Men Clothes
Baellerry Dompet wanita korea Gaya Anggun,Women Bags
PU Leather Elastic Case Sleeve Pouch,Women Bags
Fashion embroidery small square bag,Women Bags
Men Sweatshirt Hoodie Crewneck Coat Jacket Sweater Falifap,Men Clothes
Women Backpack Casual Canvas Backpacks Softback Bags Solid Backpack,Women Bags
Baellerry business casual wallet for men,Women Bags
LIGAO Casual Men Denim Jacket Coats,Men Clothes
Guapabien Leisure Old Crossbody Bag for Women,Women Bags
Men Cardigan Fitness Long Sleeve Coat Sweaters Hot kklucy,Men Clothes
Sexy Wild Leopard Printing Pattern Canvas Backpack,Women Bags
Mens Printed Floral Mesh Hollow Outl Coat Slim Jacket kakalucky,Men Clothes
Sport Men Baseball Uniform Long Sleeve Coat bilibap,Men Clothes
Cockcon Men Underwear Sexy Lace Briefs sexy underpants,Men Clothes
Casual Round Neck Sweater Trend Fashion Long Sleeves Homewea,Men Clothes
Spot trend Slim jacket winter,Men Clothes
Mens Woolen Coat Long Jacket Outerwear Overcoat  sfghouse,Men Clothes
INF  Koreanstyle readystock Jaket kulit ketat pria,Men Clothes
LBRge Capacity Rivet Book Bag,Women Bags
Mens Womens Ladies Print U Pouch Boxer  Underwears,Men Clothes
Beauty Mens Sexy Bulge Briefs Shorts Underwear Trunks,Men Clothes
Lady Tote Messenger Cross Body Shoulder Purse Bag Handbag yyjack,Women Bags
Lethe Tas Bahu Selempang Wanita Model Messenger Envelope,Women Bags
Lady Embroidery Satchel Messenger Shoulder Bag Handbag yyjack,Women Bags
INF  Koreanstyle readystock Jaket kulit ketat pria,Men Clothes
Women PU leather Shoulder Bag Fashion Sling Bag,Women Bags
High Quality Fashion Leisure Rivet Small Backpack Chest Bag,Women Bags
Sexy Men Underwear Boxer Trunks Home Sleepwear,Men Clothes
Cosmetic Glitter Eyeshadow Eyeliner Pen Beauty Highlighter E,Men Clothes
Felt Set Bag Car Seat Back Storage Bag Ready Stock,Women Bags
Baby Silica Gel Extrusion Spoon Rice Paste Bottle Baby Feedi,Men Clothes
Winter Fashion Men Clothing Sweatshirts Coat jacket,Men Clothes
Fashion Cartoon Hello Kitty Cosmetic Bag Waterproof Storage Bag,Women Bags
Large Fashion Womens Tote Messenger Crossbody Zipper Bag dadatop,Women Bags
Nylon Slim Long Wallet Women Purse Wallet,Women Bags
FG Mantel pullover Sweater Pria Jumper Sleeve Long Knit,Men Clothes
Snake Skin Envelope Bag Day Clutches Purse Evening Bag,Women Bags
Women Unicorn Pattern Crop Top Hoodie Fashion Tops Cartoon O,Men Clothes
New Men Ankle Length Pants Cropped Tapered Leg Jeans kakalucky,Men Clothes
Car Camera Video Recorder Rearview Mirror Car Camera Vehicle,Men Clothes
Koreanstyle readystock Beberapa pria sweater bulat leher,Men Clothes
Unique Lady Casual Violin Tote Crossbody Shoulder Bag,Women Bags
Korean loose corduroy jacket with long,Men Clothes
Halloween Oktoberfest Beer Fake Leather Costume,Men Clothes
gzhouse Mens Retro Knitted Pullover Jumper Turtleneck Collar Sweater,Men Clothes
gzhouse Mens Stand Neck Cotton Blend Jacket Casual,Men Clothes
High Quality Fashion Cartoon Plush Minions Kids Satchel Bag,Women Bags
Baellerry Stylish Card Holder Short Clutch Wallet for Women,Women Bags
Black Harley Varsity Jacket College Letterman Squad Coat,Men Clothes
Canvas Women Girl Casual Floral Printed rucksack Backpack Shoulder bag,Women Bags
Leather Women Large Messenger Tote Black,Women Bags
Celana Celana Celana Celana Celana Pria,Men Clothes
Female Wallet  Large Capacity Card Wallet Aliexpress Amazon Explosion,Women Bags
Kostum Halloween Ghost Bride Dress pria Cosplay,Men Clothes
Oversized Loose Long Sleeve Shirt Blouse Baggy irregular Tops,Men Clothes
Women PU leather Shoulder Bag Mini Sling Bag,Women Bags
In the long long sleeved Cardigan Sweater Knit Cardigan Size,Men Clothes
Halloween Ghost Show Costume Witch Dress Cosplay Costume Mas,Men Clothes
zztim Men Casual Slim Patchwork Dress Shirts Long Sleeve Shirt,Men Clothes
gzhouse New Large Capacity Womens Tote Shoulder Bag Handbag,Women Bags
Women Canvas Printed Shoulder Bag,Women Bags
Wide Collar Sport Men Vests tight tank tops mens tshirt,Men Clothes
Purse Lady Long Handbag Rosy red,Women Bags
Really stock Fashion Fashion Zipper Long Purse Crutch Bag,Women Bags
Men Fashion Long Sleeve Slim Fit Casual Sweater sfghouse,Men Clothes
Lady Embroidery Satchel Cross Body Shoulder Flap Bag Bibitop,Women Bags
Men Hot Sexy Borat Mankini Costume Swimsuit Swimwear Thong Underwear,Men Clothes
LIGAO Men Long Sleeve Turn Down Collar Denim Jacket Coats,Men Clothes
Leather Jacket Warm Winter Men Coat with Waistband,Men Clothes
Ladies long wallet phone bag,Women Bags
Canvas single shoulder bag lady print single shoulder bag,Women Bags
Sexy Boxer Shorts Trunksn Underwear High Quality,Men Clothes
Fashion Korean Lovely Rabbit Sweet Long Purse,Women Bags
Baby Carriage Thermos Cup Holder Waterproof Side Hanging Bab,Men Clothes
Women Clutch Bowknot Long Card Purse Button Long Wallet,Women Bags
Cartoon Printed Cotton Underwear Male Briefs Breathable Soft,Men Clothes
Baellerry Stylish PU Card Holder Short Wallet for Women,Women Bags
Large Travel Denim Satchel Tote Shoulder Zipper Bag Bilibap,Women Bags
Unicorn Keys New Accessories for Anime and Manga Peripheral,Men Clothes
Shoulder Bag Mini Rucksack Purse Handbag,Women Bags
Feeingirl Outdoor Warm Hooded Jacket With Plush Lined,Men Clothes
Mens Shirts Casual Slim Fit Stylish Mens Dress Shirts,Men Clothes
Baby Portable Folding Diaper Changing Pad Waterproof Mat Bag,Men Clothes
Women Vintage PU Leather Backpack Silver,Women Bags
Women Candy Color Bowknot Wallet LongPurse Phone Card Holder,Women Bags
Large Capacity Womens Tote Cross Body Shoulder Bag Bilibap,Women Bags
Korean Brief Canvas Leisure Nylon Backpack Student Bag,Women Bags
Network Lan Cable Crimper Pliers Tools Crimp Cut Strip Tool,Men Clothes
Short buckle purse for ladies,Women Bags
Leisure Backpack Printing Letter canvas bag pack shoulder bag shopping,Women Bags
Men Collar NASA Bomber Jacket Badge Embroidered Coat,Men Clothes
Crocodile pattern oblique cross handbag Ready Stock,Women Bags
woman handbag shoulder bag,Women Bags
Outdoor Waterproof Climbing Tactical Combat Military Hinking Cargo Pants Men,Men Clothes
Mens Long Sleeve Knitwear Cardigan Solid Sweater sfghouse,Men Clothes
Mens Sweater Pullover Fashion Knitwear Cotton Jumper  Bilibap,Men Clothes
The Baby Is Pure Organic Cotton Coated Newborn Baby Blanket,Men Clothes
Men Cardigan Fitness Long Sleeve Coat Sweaters Hot Bilibap,Men Clothes
Drawstring Beach Shorts pantalon corto Sports Breathable,Men Clothes
Crossbody Bag HandbagLadyHoboWomen Bag,Women Bags
Kostum Cosplay Tawanan Lengan Pria Cosplay,Men Clothes
PU leather colorful Lady Long Walle,Women Bags
Mens Mid Rise Pouch Trunks Men Underwear Brief Underpants,Men Clothes
Korean version of the small package ladies car line fashion,Women Bags
Eshion Athletic Sweatshirt Sweats and Pants Set Tracksuit,Men Clothes
Halloween Ghost Show Costume Witch Dress Cosplay Costume Mas,Men Clothes
Lady Jelly Satchel Cross Body Messenger Shoulder Bag Bilibap,Women Bags
Fashion Women Schoolbag Shiny Color Sequins Decoration PU Leather Backpack,Women Bags
Women Diamond Fold Classic Handbag Dinner Packages Minaudiere,Women Bags
Flamingo fashion shoulder bag,Women Bags
Tas Kantong Pinggang Kaki Panel Alat Militer,Women Bags
Shoulder Handbag Messenger Canvas Tote Vintage beige Women,Women Bags
Foldable Shopping Trolley Bag Rolling Wheel Cart Tote Grocery Handbag,Women Bags
Multifunction Mummy Backpack Nappy Newborn Baby Changing Bag Bottle Rucksack,Women Bags
Korean Lovely Mickey Small Change Bag,Women Bags
Crescent Moon Embroidery Canvas Backpack,Women Bags
A short sleeveless sweater vest knitted,Men Clothes
New women long printing lines zipper wallet,Women Bags
HELLO KITTY  COSMETIC TRAVEL POUCH,Women Bags
Women PU leather Ladies Purse Vintage Wallet,Women Bags
Wallet Handbags Creative Cartoon For Ladies Embroidery Gifts,Women Bags
Mens Plain Sweater Jumper Sweater Pullover,Men Clothes
Queens Mummy Baby Nappy Diaper Bag Changing Bags Backpack,Women Bags
Cotton Canvas Shopping Tote Shoulder Carrying Bag Eco Reusable Bag,Women Bags
Casual Weaving Design Card Holder Handbag Ladies Hasp Wallet,Women Bags
Korean New Canvas Jeans Shopping Bag,Women Bags
Shoulder bag canvas square ring streamer solid color Messenger bag,Women Bags
Tas kosmetik pouch kosmetik dompet kosmetik,Women Bags
Women Canvas Shoulder Bag Fashion,Women Bags
Cute Cartoon Brown Bear Shoulder Bag,Women Bags
Home Large Capacity Quiltt Moving House Storage Luggage Bag sfghouse,Women Bags
National Ethnic Style Embroidery Backpack Travel Canvas Rucksack Shoulder Bags,Women Bags
On Sale Mickey Leather Bag backpack,Women Bags
Newborn Baby Cute Beautiful Romper Sleeping Bag Climbing Clo,Men Clothes
Autumn Women Short Hoodies Crop Top Sweatshirt Sporting Oute,Men Clothes
National Ethnic Style Embroidery Backpack Travel Canvas Rucksack Shoulder Bags,Women Bags
FG Baju Pria Hooded Warmed Coat Winter Trench Jacket Capes,Men Clothes
gzhouse Mens Trousers Sweatpants Harem Slacks Casual Pants,Men Clothes
kkulcy Summer Girl PU Leather Tote Shoulder Bag Handbag,Women Bags
Men Hoodie Diagonal Zipper Cardigan Original Leisure Hoodies,Men Clothes
Cartoon Sucker Car Curtain Car Rear Back Window Sunscreen Su,Men Clothes
Sexy Men Underwear Thongs Gay Jockstrap Underpants,Men Clothes
Women PU leather Mini Sling Bag,Women Bags
Travel Outdoors Quilt Dustproof Storage Bag,Women Bags
Mens Sexy Underpants Boxers Penis Pouch Cotton Breathable,Men Clothes
Korean CBRtoon Patchwork Owl Backpack,Women Bags
Leaf Metal Chain Shoulder Bags,Women Bags
Fashion Fashion Concise Waterproof Nylon Small Backpack,Women Bags
Women Backpack Leather Backpacks Teenage Girls Female School Shoulder Bag,Women Bags
Cute Plants Cactus Coin Purse,Women Bags
Fashion Sweater Men long sleeve Knitted Cardigan kakalucky,Men Clothes
BF loose denim hoodie coat,Men Clothes
Travel Outdoors Waterproof Clothing Storage Bag,Women Bags
Men Hooded Cardigan Sweatshirt Solid Winter Coat Jacket Bilibap,Men Clothes
INF  Sweater sweater sweter pria di Korea,Men Clothes
Fashion Women Elegant Charm Rivet Nylon Backpack,Women Bags
Portable Luggage Storage cube Organizer Bag Clothes Packing,Women Bags
Men Underwear Mesh Sexy Five Pants Hollow Loose Men Underwears,Men Clothes
Men Stars Stripes Flags Swimming board shorts,Men Clothes
Hit color retro Korean version  straight stripe portable,Women Bags
Handbag Snake Buckle Embossed Serpentine Women Wallet Purses,Women Bags
Chinese Style Handmade Natural Spruce Wooden Tea Cups,Men Clothes
Pregnant Women Bra Lace Nursing Maternity Breastfeeding Feeding Bra Underwear,Women Bags
kkulcy Mens Printed Floral Mesh Hollow Outl Coat Slim Jacket,Men Clothes
Large Capacity Mother Bag Multifunctional Travel Baby Nappy Bags,Women Bags
Multifunctional Mother Pack Shipping bag,Women Bags
Leather Women Large Messenger Tote Black,Women Bags
Wide Collar Sport Men Vests tight tank tops mens tshirt,Men Clothes
FM  Koreanstyle readystock Lubang jaket denim pria alami,Men Clothes
DIY Boys Puzzle Toys Assembled Pistol Plastic Building Block,Men Clothes
FM  Koreanstyle readystock Jaket kulit ketat pria,Men Clothes
Canvas Leather Shoulder Bags High Capacity Messenger Vintage,Women Bags
Women Diamond Fold Classic Handbag Dinner Packages Minaudiere,Women Bags
Retro Treasure Map Pencil Case Pouch For Stationery Bilibap,Women Bags
Baby Silicone Pacifier Newborn Baby Bottle Nipple Automatic,Men Clothes
Lady Beach Bag Purse Handbag White,Women Bags
Guapabien Pineapple Embroidered Drawstring Mini Bucket Bag,Women Bags
CBRtoon Printing Backpack Children BookBag,Women Bags
Women Single PU Leather Lady Crossbody Shoulder Bag,Women Bags
Mens Mid Rise Pouch Trunks Men Underwear Brief Underpants,Men Clothes
Casual Backpack Students Women PU Leather Zippers Satchel,Women Bags
Halloween Cloak Cosplay Fancy Dress Witch Elf Cloak Party Su,Men Clothes
Cartoon Anime Print Hoodie Gray Oversize Sweater Casual sweatshirt hebie,Men Clothes
Fashion handbag simple pure retro shoulder tassel SATCHEL,Women Bags
FG Passport Case Cover Animal Travel Passports Pattern Map,Women Bags
Fashion Fashion Korean Cup Bracelet Straw Oblique Across Bag,Women Bags
Mens Swimming Board Shorts Swim Shorts Trunks,Men Clothes
Women Lady Shining Sparkling Small Wallet Hasp Purse Clutch Bag,Women Bags
Women Pocket Pullovers Long Sleeve Autumn Sweat Hoodies,Men Clothes
Large tassel zipper wristlet wallet,Women Bags
Korean Ready Stock Black Pu Backpack,Women Bags
Kostum Halloween Ninja Jumpsuit Cosplay Hitam Putra,Men Clothes
New style Oxford Cloth canvas casual bag,Women Bags
Mens Solid Flight Collar Bomber Jacket,Men Clothes
Shoulder Messenger Bag Women Women Bag Bag,Women Bags
Mens Sweater Pullover Fashion Knitwear Cotton Jumper  Falifap,Men Clothes
Handbag Organiser Purse Organizer Tidy Bag,Women Bags
Women Girl PU Leather Satchel Messenger Shoulder Bag yyjack,Women Bags
FM Lengan Ritsleting Hoodie Pria Slim Fit Cardigan Sweater Coat,Men Clothes
Vintage Matte Wallet Fashion Small Female Purse,Women Bags
Vintage Leather Backpack Casual Messenger Handbag Female Travel School Bag,Women Bags
Men Knit Sweater Pullover Knitwear Jumper Coarse Wool kakalucky,Men Clothes
Retro Exquisite Skull Pirate Personality Ring Watch Elastic,Men Clothes
Leather kimono korean  suitcase leather bag,Women Bags
Auto Windshield Sun Shade Reflective Sun Shade for Car Cover,Men Clothes
Tassel pendant Zipper Wallet,Women Bags
Sexy Wild Leopard Printing Pattern Canvas Backpack,Women Bags
Women PU leather Shoulder Bag Mini Vintage,Women Bags
famous brand jeans men Frayed jeans,Men Clothes
Men shirt new  mushroom embroidery short sleeve shirt,Men Clothes
kkulcy Men Casual Hoodie Jumper Pullover Sweatshirt Tops Hooded,Men Clothes
Men Trench Coat Long Sleeve Overcoat High Quality Coats,Men Clothes
Fashion Women Pendant Tassel Purse Bag,Women Bags
Fashion Fashion Fashion Contrast Color Chain Shoulder Bag,Women Bags
Jaket Mens Classic Retro Style Bomber Coat,Men Clothes
Canvas Geometric Patterns Printed Backpacks School Bag,Women Bags
Mens Long Sleeve Knitwear Cardigan Sweater dadatop,Men Clothes
Baellerry Dompet wanita korea Gaya Anggun,Women Bags
Autumn Men Simple Floral Short Baseball Collar Casual Jacket,Men Clothes
New Baby Stroller Hanging Storage Bag Containing Waterproof,Men Clothes
Cute Unicorn Shape Cartoon Shoulder Bag,Women Bags
Long Sleeve Mens Shirt Casual Brand Button Down Shirts dadatop,Men Clothes
Autumn Winter Men Pullover Hoodie Fleece Print Hoodies Bilibap,Men Clothes
WEICHEN short section zipper suitcase purse,Women Bags
Women High Waist Sweatpants Trousers Drawstring Waist Loose,Men Clothes
Mens Swimming Board Shorts Swim Shorts Trunks,Men Clothes
Zipper Around Fruit Shaped Crossbody Bag,Women Bags
Spot youth Slim South Korean students cotton long pants male,Men Clothes
Fashion Shoulder Mummy Bag Multifunctional Nylon Backpack,Women Bags
Winter Fashion Men Clothing Sweatshirts Coat jacket,Men Clothes
Messenger Lingge Handbag Crossbody Chain Luxury Shoulder Bag,Women Bags
Ladies Printed High Elastic Sports Pants Leggings kklucy,Men Clothes
Creative Multicolor Fingerlings Colorful Finger Monkey Intel,Men Clothes
Fashion casual ladies shoulder bag waterproof nylon female student backpack,Women Bags
Mens Sexy Underpants Boxers Penis Pouch Cotton Breathable,Men Clothes
Lethe Baellerry multifunctional mobile phone bag embroidered wallet,Women Bags
Girl Embroidery Tote Wallet Purse Clutch Evening Bag yyjack,Women Bags
Hitz male Korean Fashion Sweater sleeve Hooded Sweatshirt,Men Clothes
Shopper Bag Printing Shopping Shoulder Tote Canvas Handbag,Women Bags
PU Leather Cat Printed Wallet,Women Bags
Men Collar NASA Bomber Jacket Badge Embroidered Coat,Men Clothes
Fashion Sweater Men long sleeve Knitted Cardigan dadatop,Men Clothes
lady Leather Crossbody Shoulder Bag Yellow,Women Bags
Travel Document Folder Multi Function Bag Pouch,Women Bags
Mens Womens Ladies Print U Pouch Boxer  Underwears,Men Clothes
Fashion Women Pendant Tassel Purse Bag,Women Bags
Women Denim Students Backpacks Outdoor Backpack Black,Women Bags
Womens Tote Messenger Cross Body Shoulder Bag Handbag sfghouse,Women Bags
Hooded Floral Print Jacket Winter Coat Men Fashion,Men Clothes
The Japanese mens casual shoes low tide belted canvas,Men Clothes
Female Wallet  Large Capacity Card Wallet Aliexpress Amazon Explosion,Women Bags
fashion mode Jaket Lengan Kiri Pria Slim Collar Jacket Tops,Men Clothes
Mens Briefs High Quality Mens Cotton Underwear Briefs,Men Clothes
Vintage dress Suihua long sleeved loose cotton,Men Clothes
Magic Decompression Cube Infinity Finger Toys Adult Puzzle T,Men Clothes
Wide Collar Sport Men Vests tight tank tops mens tshirt,Men Clothes
Men Cargo Pants Big Pockets Mens Pants,Men Clothes
Zipper Jacket Autumn Winter Oversized Long Sleeve Cardigan Coat,Men Clothes
Girl Fashion Elegant Totes Messenger Crossbody Shoulder Bag yyjack,Women Bags
New Causal Sweatshirt Large size Men Printing Letters,Men Clothes
Fashion Sequins Zipper PU Backpacks Bag,Women Bags
Diaper Bag Fashion Mummy Maternity Nappy Bag Baby Travel Bac,Men Clothes
Off Shoulder Sweaters Knitted Sweater Sweaters Long Batwing Sleeves Sweaters,Men Clothes
Women PU leather Shoulder Bag Mini Vintage,Women Bags
Travel Outdoors Portable Luggage Storage Bag,Women Bags
Men Swimming Trunks Quality Nylon Swimwear for Male,Men Clothes
Stripe Design Tote Single Shoulder Canvas Bag Handbag,Women Bags
New Winter Oversized Thicken Warm Tassels Scarf Shawl Dual P,Men Clothes
Mens casual pants  trend pants  thin,Men Clothes
Stylish New Unique Underwear Shorts Underpants Nightwear Pouch,Men Clothes
Men Slim Warm Trench Coat Double Breasted Overcoat,Men Clothes
Casual Print Zipper Backpacks Couple Wear School Bag,Women Bags
Pria Chino Jogger Pants Casual Drop Crotch Jogging Twill,Men Clothes
ready stock Women Holographic Gammaray Backpack,Women Bags
Lady fashion simple purse,Women Bags
Mens Underpants Sexy Penis Pouch Boxers Cotton Breathable,Men Clothes
Ladies Handbags Women Bag,Women Bags
Sexy Women Bikini Set Swimwear Swimsuit Underwire,Men Clothes
Swallows Detail Letter Printed Chain Shoulder Bag,Women Bags
Fashion Men Cargo Pants Big Pockets Mens Pants,Men Clothes
Women PU leather Shoulder Bag Mini Cute Sling Bag,Women Bags
Halloween Supplies Cosplay Cloth Bright Cloth Death Cloak Pa,Men Clothes
Color Men Tie Accessories Piano Necktie Keyboard Printed,Men Clothes
Travel Outdoors Classification Storage Bag,Women Bags
IF  Koreanstyle readystock Jaket kulit ketat pria,Men Clothes
Ladies long fashion soft matte wallet,Women Bags
Mens Casual Chinos Slim Fit Lurus celana,Men Clothes
Large tassel zipper wristlet wallet,Women Bags
New PU Leather Shoulder Bag Messenger Bag,Women Bags
gzhouse Men Cardigan Fitness Long Sleeve Coat Sweaters Hot,Men Clothes
Women Long Wallet Checkbook Pink,Women Bags
Bendy and The Ink Machine Thriller Game Plush Doll Halloween,Men Clothes
Women PU leather Shoulder Bag Mini Vintage Sling Bag,Women Bags
Glitter Envelope Shape Clutch Bag Party Bag,Women Bags
Finger Socks Patchwork Men Socks Casual Cotton Socks,Men Clothes
PIDANLU Flower Patterns Multifunction Women Clutch Wallet,Women Bags
Spot Slim Pants Pants Men handsome hole wave patch pants,Men Clothes
YS Rhombic Handbag Wallet Purse Coin BLUE,Women Bags
Ransel kecil Mickey ear casual,Women Bags
Business casual pants male loose straight trousers young men,Men Clothes
Fashion ladies waterproof nylon bag ladies shoulder Messenger bag,Women Bags
Women Fashion Floral Print Casual Loose Pants,Men Clothes
Korean Tassel Elegant Shoulder Bag,Women Bags
Ready Stock Women bag Korean embroidery with double shoulder backpack,Women Bags
Mens Casual Slim Tshirt Long Sleeve Hoodie,Men Clothes
Mens vest sleeveless shirt Slim fit muscle,Men Clothes
Baby Monkey fingerlings eletronic baby pet toy,Women Bags
Ladies High Elastic Yoga Run Fitness Pants Leggings  dadatop,Men Clothes
Men Underwear Male Underpant Cotton Gay Sexy Boxer Shorts,Men Clothes
Kostum Halloween Ghost Bride Dress pria Cosplay,Men Clothes
New Fashion Mens Casual Neck Knit Sweater Pullover Tops Bilibap,Men Clothes
Halloween Ghost Show Costume Witch Dress Cosplay Costume Mas,Men Clothes
New Korean Fashion Backpack Lady PU Floral Small Shoulders B,Men Clothes
Cowhide Women Pouch ID Credit Card Holder Rose red,Women Bags
Garment Shoulder Bag Casual Canvas Bag Shopping Bag chuge,Women Bags
Diaper Bag Fashion Mummy Maternity Nappy Bag Baby Travel Bac,Men Clothes
Women PU leather Shoulder Bag Mini Sling Bag,Women Bags
Sexy Men Low Waist Underwear  Shorts Sleepwear,Men Clothes
